Product,Mandalay,Naypyitaw,Yangon
Electronic accessories,310.0262455,344.8904455,305.285225
Fashion accessories,264.7309113,331.6933846,320.2452647
Food and beverages,304.29777,360.1038636,295.9155259
Health and beauty,376.9935849,319.5255,268.0372979
Home and lifestyle,350.98329,308.7900667,344.8799308
Sports and travel,322.3903065,350.2650667,328.350839
