Status,Mandalay,Naypyitaw,Yangon
Member,325.4829455,336.5756361,321.182488
Non-member,314.3292575,337.6567547,303.831763
