Gender,Mandalay,Naypyitaw,Yangon
Male,313.3492765,325.88829,295.7050475
Female,326.7178704,346.5475449,330.8643913
